id,name,email,address,city,state,country,age,phone,occupation,zip_code
1,Alice Johnson,alice.johnson@example.com,123 Maple St,New York,NY,USA,30,555-0101,Software Engineer,10001
2,Bob Smith,bob.smith@example.com,456 Oak Ave,Los Angeles,CA,USA,25,555-0102,Designer,90001
3,Carol Williams,carol.williams@example.com,789 Pine Rd,Chicago,IL,USA,35,555-0103,Product Manager,60601
4,David Brown,david.brown@example.com,101 Elm St,Houston,TX,USA,28,555-0104,Data Analyst,77001
5,Eva Martinez,eva.martinez@example.com,202 Cedar Blvd,Phoenix,AZ,USA,32,555-0105,Marketing Specialist,85001
6,Frank Garcia,frank.garcia@example.com,303 Birch Ln,Philadelphia,PA,USA,45,555-0106,Accountant,19101
7,Grace Lee,grace.lee@example.com,404 Walnut Dr,San Antonio,TX,USA,27,555-0107,Nurse,78201
8,Henry Wilson,henry.wilson@example.com,505 Spruce Way,San Diego,CA,USA,38,555-0108,Civil Engineer,92101
9,Isla Moore,isla.moore@example.com,606 Willow Ct,Dallas,TX,USA,22,555-0109,Student,75201
10,Jack Taylor,jack.taylor@example.com,707 Ash Blvd,San Jose,CA,USA,50,555-0110,Executive,95101
11,Karen Anderson,karen.anderson@example.com,808 Poplar St,Austin,TX,USA,33,555-0111,Teacher,73301
12,Liam Thomas,liam.thomas@example.com,909 Magnolia Ave,Jacksonville,FL,USA,29,555-0112,Mechanic,32201
13,Mia Jackson,mia.jackson@example.com,1010 Cypress Rd,Fort Worth,TX,USA,41,555-0113,Lawyer,76101
14,Noah White,noah.white@example.com,1111 Dogwood Dr,Columbus,OH,USA,36,555-0114,Doctor,43201
15,Olivia Harris,olivia.harris@example.com,1212 Juniper Ln,Charlotte,NC,USA,24,555-0115,Graphic Designer,28201
16,Paul Martin,paul.martin@example.com,1313 Redwood Blvd,San Francisco,CA,USA,47,555-0116,Architect,94101
17,Quinn Thompson,quinn.thompson@example.com,1414 Hickory Way,Indianapolis,IN,USA,31,555-0117,Pharmacist,46201
18,Rachel Garcia,rachel.garcia@example.com,1515 Sycamore Ct,Seattle,WA,USA,26,555-0118,UX Designer,98101
19,Samuel Martinez,samuel.martinez@example.com,1616 Chestnut St,Denver,CO,USA,39,555-0119,Financial Advisor,80201
20,Tina Robinson,tina.robinson@example.com,1717 Beech Ave,Nashville,TN,USA,43,555-0120,Journalist,37201
21,Umar Clark,umar.clark@example.com,1818 Hawthorn Rd,Oklahoma City,OK,USA,34,555-0121,Police Officer,73101
22,Vera Rodriguez,vera.rodriguez@example.com,1919 Mulberry Dr,El Paso,TX,USA,28,555-0122,Nurse,79901
23,Walter Lewis,walter.lewis@example.com,2020 Larch Ln,Las Vegas,NV,USA,52,555-0123,Casino Manager,89101
24,Xena Lee,xena.lee@example.com,2121 Fir Blvd,Louisville,KY,USA,23,555-0124,Barista,40201
25,Yusuf Walker,yusuf.walker@example.com,2222 Cottonwood Way,Baltimore,MD,USA,37,555-0125,Surgeon,21201
26,Zoe Hall,zoe.hall@example.com,2323 Locust Ct,Milwaukee,WI,USA,30,555-0126,Veterinarian,53201
27,Aaron Allen,aaron.allen@example.com,2424 Pecan St,Albuquerque,NM,USA,44,555-0127,Electrician,87101
28,Bella Young,bella.young@example.com,2525 Peach Ave,Tucson,AZ,USA,21,555-0128,Student,85701
29,Carlos Hernandez,carlos.hernandez@example.com,2626 Plum Rd,Fresno,CA,USA,33,555-0129,Farmer,93701
30,Diana King,diana.king@example.com,2727 Cherry Dr,Sacramento,CA,USA,48,555-0130,Politician,94201
31,Ethan Wright,ethan.wright@example.com,2828 Apricot Ln,Mesa,AZ,USA,29,555-0131,Web Developer,85201
32,Fiona Scott,fiona.scott@example.com,2929 Nectarine Blvd,Kansas City,MO,USA,35,555-0132,HR Manager,64101
33,George Green,george.green@example.com,3030 Lime Way,Atlanta,GA,USA,40,555-0133,Chef,30301
34,Hannah Adams,hannah.adams@example.com,3131 Lemon Ct,Omaha,NE,USA,27,555-0134,Social Worker,68101
35,Ivan Baker,ivan.baker@example.com,3232 Orange St,Raleigh,NC,USA,55,555-0135,Professor,27601
36,Julia Gonzalez,julia.gonzalez@example.com,3333 Grape Ave,Miami,FL,USA,31,555-0136,Travel Agent,33101
37,Kevin Nelson,kevin.nelson@example.com,3434 Mango Rd,Minneapolis,MN,USA,26,555-0137,DevOps Engineer,55401
38,Laura Carter,laura.carter@example.com,3535 Pineapple Dr,Tulsa,OK,USA,42,555-0138,Real Estate Agent,74101
39,Marcus Mitchell,marcus.mitchell@example.com,3636 Coconut Ln,Cleveland,OH,USA,38,555-0139,Firefighter,44101
40,Nancy Perez,nancy.perez@example.com,3737 Kiwi Blvd,Wichita,KS,USA,24,555-0140,Receptionist,67201
41,Oscar Roberts,oscar.roberts@example.com,3838 Papaya Way,Arlington,TX,USA,46,555-0141,Supply Chain Manager,76001
42,Patricia Turner,patricia.turner@example.com,3939 Guava Ct,New Orleans,LA,USA,53,555-0142,Librarian,70101
43,Quincy Phillips,quincy.phillips@example.com,4040 Starfruit St,Bakersfield,CA,USA,32,555-0143,Plumber,93301
44,Rebecca Campbell,rebecca.campbell@example.com,4141 Fig Ave,Tampa,FL,USA,28,555-0144,Dental Hygienist,33601
45,Steve Evans,steve.evans@example.com,4242 Olive Rd,Honolulu,HI,USA,61,555-0145,Retired,96801
46,Theresa Edwards,theresa.edwards@example.com,4343 Date Dr,Aurora,CO,USA,36,555-0146,Psychologist,80010
47,Ulysses Collins,ulysses.collins@example.com,4444 Avocado Ln,Anaheim,CA,USA,29,555-0147,Game Developer,92801
48,Vivian Stewart,vivian.stewart@example.com,4545 Tomato Blvd,Santa Ana,CA,USA,34,555-0148,Nutritionist,92701
49,Warren Sanchez,warren.sanchez@example.com,4646 Potato Way,Corpus Christi,TX,USA,41,555-0149,Marine Biologist,78401
50,Xander Morris,xander.morris@example.com,4747 Carrot Ct,Riverside,CA,USA,22,555-0150,Intern,92501
51,Yasmin Rogers,yasmin.rogers@example.com,4848 Onion St,Lexington,KY,USA,37,555-0151,Pharmacologist,40501
52,Zachary Reed,zachary.reed@example.com,4949 Garlic Ave,Stockton,CA,USA,44,555-0152,Construction Manager,95201
53,Amelia Cook,amelia.cook@example.com,5050 Broccoli Rd,Pittsburgh,PA,USA,30,555-0153,Biomedical Researcher,15201
54,Benjamin Morgan,benjamin.morgan@example.com,5151 Spinach Dr,Anchorage,AK,USA,26,555-0154,Park Ranger,99501
55,Chloe Bell,chloe.bell@example.com,5252 Celery Ln,St. Louis,MO,USA,33,555-0155,Animator,63101
56,Dylan Murphy,dylan.murphy@example.com,5353 Kale Blvd,Saint Paul,MN,USA,49,555-0156,Economist,55101
57,Eleanor Bailey,eleanor.bailey@example.com,5454 Arugula Way,Cincinnati,OH,USA,27,555-0157,Paralegal,45201
58,Felix Rivera,felix.rivera@example.com,5555 Lettuce Ct,Greensboro,NC,USA,35,555-0158,Sound Engineer,27401
59,Gemma Cooper,gemma.cooper@example.com,5656 Cabbage St,Henderson,NV,USA,42,555-0159,Epidemiologist,89002
60,Hugo Richardson,hugo.richardson@example.com,5757 Watercress Ave,Fort Wayne,IN,USA,38,555-0160,Logistics Coordinator,46801
61,Iris Cox,iris.cox@example.com,5858 Radish Rd,Orlando,FL,USA,23,555-0161,Event Planner,32801
62,James Howard,james.howard@example.com,5959 Turnip Dr,Chandler,AZ,USA,56,555-0162,Dentist,85224
63,Kylie Ward,kylie.ward@example.com,6060 Parsnip Ln,Madison,WI,USA,31,555-0163,Copywriter,53701
64,Leo Torres,leo.torres@example.com,6161 Beet Blvd,Laredo,TX,USA,28,555-0164,Border Agent,78041
65,Melody Peterson,melody.peterson@example.com,6262 Asparagus Way,Durham,NC,USA,40,555-0165,Musician,27701
66,Nathan Gray,nathan.gray@example.com,6363 Artichoke Ct,Lubbock,TX,USA,34,555-0166,Sports Coach,79401
67,Nora Ramirez,nora.ramirez@example.com,6464 Eggplant St,Garland,TX,USA,25,555-0167,Fashion Designer,75040
68,Owen James,owen.james@example.com,6565 Zucchini Ave,Akron,OH,USA,47,555-0168,Mechanical Engineer,44301
69,Penny Watson,penny.watson@example.com,6666 Squash Rd,Hialeah,FL,USA,32,555-0169,Flight Attendant,33010
70,Rupert Brooks,rupert.brooks@example.com,6767 Pumpkin Dr,Tacoma,WA,USA,39,555-0170,IT Consultant,98401
71,Sofia Kelly,sofia.kelly@example.com,6868 Butternut Ln,Lincoln,NE,USA,29,555-0171,Environmental Scientist,68501
72,Tobias Sanders,tobias.sanders@example.com,6969 Acorn Blvd,Orlando,FL,USA,44,555-0172,Security Analyst,32801
73,Uma Price,uma.price@example.com,7070 Walnut Way,Greensboro,NC,USA,36,555-0173,Biostatistician,27401
74,Victor Bennett,victor.bennett@example.com,7171 Hazel Ct,Plano,TX,USA,51,555-0174,CEO,75024
75,Wendy Wood,wendy.wood@example.com,7272 Chestnut St,Newark,NJ,USA,26,555-0175,Social Media Manager,07101
76,Xavier Barnes,xavier.barnes@example.com,7373 Buckeye Ave,Glendale,AZ,USA,33,555-0176,Network Admin,85301
77,Yara Ross,yara.ross@example.com,7474 Hickory Rd,Chandler,AZ,USA,27,555-0177,Quality Analyst,85224
78,Zack Henderson,zack.henderson@example.com,7575 Beechnut Dr,Scottsdale,AZ,USA,43,555-0178,Dermatologist,85251
79,Abby Coleman,abby.coleman@example.com,7676 Almond Ln,Norfolk,VA,USA,31,555-0179,Navy Officer,23501
80,Bradley Jenkins,bradley.jenkins@example.com,7777 Macadamia Blvd,Fremont,CA,USA,37,555-0180,Electrical Engineer,94536
81,Emma Powell,emma.powell@example.com,12 Baker Street,London,England,UK,28,020-0001,Solicitor,W1U 3BH
82,Oliver Hughes,oliver.hughes@example.com,34 High Street,Manchester,England,UK,35,161-0002,Teacher,M1 1AD
83,Sophia Wright,sophia.wright@example.com,56 Queen Street,Birmingham,England,UK,42,121-0003,Nurse,B1 1AA
84,Jack Davies,jack.davies@example.com,78 King's Road,Leeds,England,UK,29,113-0004,Accountant,LS1 1BA
85,Isabella Evans,isabella.evans@example.com,90 Victoria Avenue,Liverpool,England,UK,33,151-0005,Journalist,L1 8JQ
86,Harry Wilson,harry.wilson@example.com,102 Oxford Street,Bristol,England,UK,47,117-0006,Architect,BS1 4DJ
87,Lily Thomas,lily.thomas@example.com,114 Church Lane,Sheffield,England,UK,24,114-0007,Barista,S1 2GU
88,George Roberts,george.roberts@example.com,126 Mill Road,Edinburgh,Scotland,UK,38,131-0008,Software Developer,EH1 1YZ
89,Poppy Jackson,poppy.jackson@example.com,138 Castle Street,Glasgow,Scotland,UK,31,141-0009,Marketing Manager,G1 2QQ
90,Alfie White,alfie.white@example.com,150 Bridge Road,Cardiff,Wales,UK,26,292-0010,Web Designer,CF10 1EP
91,Lena Becker,lena.becker@example.com,Hauptstraße 1,Berlin,Berlin,Germany,30,030-0001,Programmer,10115
92,Max Müller,max.mueller@example.com,Bahnhofstraße 5,Munich,Bavaria,Germany,37,089-0002,Engineer,80331
93,Anna Schmidt,anna.schmidt@example.com,Kirchenweg 12,Hamburg,Hamburg,Germany,25,040-0003,Designer,20095
94,Felix Wagner,felix.wagner@example.com,Marktplatz 7,Frankfurt,Hesse,Germany,43,069-0004,Banker,60311
95,Mia Fischer,mia.fischer@example.com,Gartenstraße 18,Cologne,North Rhine-Westphalia,Germany,32,221-0005,Teacher,50667
96,Leon Weber,leon.weber@example.com,Ringstraße 22,Stuttgart,Baden-Württemberg,Germany,29,711-0006,Automotive Engineer,70173
97,Clara Hoffmann,clara.hoffmann@example.com,Schlossgasse 3,Düsseldorf,North Rhine-Westphalia,Germany,34,211-0007,Art Curator,40213
98,Lukas Braun,lukas.braun@example.com,Lindenweg 9,Dortmund,North Rhine-Westphalia,Germany,41,231-0008,IT Specialist,44135
99,Sophie Koch,sophie.koch@example.com,Wiesenstraße 14,Leipzig,Saxony,Germany,27,341-0009,Biologist,04109
100,Jonas Richter,jonas.richter@example.com,Bergstraße 6,Dresden,Saxony,Germany,38,351-0010,Historian,01067
101,Priya Sharma,priya.sharma@example.com,42 MG Road,Bangalore,Karnataka,India,28,080-0001,Software Engineer,560001
102,Rahul Gupta,rahul.gupta@example.com,17 Civil Lines,Delhi,Delhi,India,34,011-0002,IAS Officer,110001
103,Ananya Singh,ananya.singh@example.com,8 Park Street,Kolkata,West Bengal,India,26,033-0003,Journalist,700016
104,Vikram Patel,vikram.patel@example.com,25 Linking Road,Mumbai,Maharashtra,India,42,022-0004,Entrepreneur,400001
105,Sneha Nair,sneha.nair@example.com,5 Anna Salai,Chennai,Tamil Nadu,India,31,044-0005,Doctor,600002
106,Arjun Kumar,arjun.kumar@example.com,11 Jubilee Hills,Hyderabad,Telangana,India,37,040-0006,Film Director,500033
107,Pooja Reddy,pooja.reddy@example.com,30 Koregaon Park,Pune,Maharashtra,India,23,020-0007,Student,411001
108,Manish Verma,manish.verma@example.com,14 Civil Hospital Road,Ahmedabad,Gujarat,India,45,079-0008,Surgeon,380001
109,Divya Menon,divya.menon@example.com,7 Marine Drive,Kochi,Kerala,India,29,484-0009,Marine Biologist,682001
110,Suresh Iyer,suresh.iyer@example.com,22 Indiranagar,Bangalore,Karnataka,India,53,080-0010,Professor,560038
111,Luca Rossi,luca.rossi@example.com,Via Roma 10,Rome,Lazio,Italy,31,06-0001,Chef,00100
112,Giulia Ferrari,giulia.ferrari@example.com,Corso Italia 5,Milan,Lombardy,Italy,27,02-0002,Fashion Stylist,20121
113,Marco Esposito,marco.esposito@example.com,Via Toledo 18,Naples,Campania,Italy,40,081-0003,Lawyer,80100
114,Sara Ricci,sara.ricci@example.com,Via Garibaldi 3,Turin,Piedmont,Italy,35,011-0004,Architect,10100
115,Antonio Bianchi,antonio.bianchi@example.com,Lungarno Corsini 7,Florence,Tuscany,Italy,48,055-0005,Art Restorer,50123
116,Marie Dupont,marie.dupont@example.com,15 Rue de Rivoli,Paris,Île-de-France,France,30,01-0001,Museum Curator,75001
117,Pierre Lefebvre,pierre.lefebvre@example.com,27 Boulevard du Temple,Lyon,Auvergne-Rhône-Alpes,France,38,04-0002,Chef,69001
118,Sophie Martin,sophie.martin@example.com,8 Avenue Victor Hugo,Marseille,Provence-Alpes-Côte d'Azur,France,25,04-0003,Marine Researcher,13001
119,Jean Moreau,jean.moreau@example.com,42 Rue des Fleurs,Bordeaux,Nouvelle-Aquitaine,France,44,05-0004,Winemaker,33000
120,Camille Bernard,camille.bernard@example.com,3 Place de la Comédie,Montpellier,Occitanie,France,29,04-0005,Pharmacist,34000
121,James Macdonald,james.macdonald@example.com,55 Yonge Street,Toronto,Ontario,Canada,34,416-0001,Banker,M5C 2W7
122,Emma Tremblay,emma.tremblay@example.com,120 Rue Saint-Paul,Montreal,Quebec,Canada,28,514-0002,Translator,H2Y 1Z5
123,Liam O'Brien,liam.obrien@example.com,88 Granville Street,Vancouver,British Columbia,Canada,39,604-0003,Real Estate Agent,V6C 1T2
124,Ava Martin,ava.martin@example.com,22 Jasper Avenue,Edmonton,Alberta,Canada,31,780-0004,Petroleum Engineer,T5J 1Z4
125,Noah Bouchard,noah.bouchard@example.com,9 Sparks Street,Ottawa,Ontario,Canada,26,613-0005,Policy Analyst,K1A 0A9
126,Isabella Wilson,isabella.wilson@example.com,14 Spring Garden Road,Halifax,Nova Scotia,Canada,43,902-0006,Marine Biologist,B3J 1Z9
127,Ethan Gagnon,ethan.gagnon@example.com,77 Donald Street,Winnipeg,Manitoba,Canada,37,204-0007,Urban Planner,R3C 1M8
128,Charlotte Roy,charlotte.roy@example.com,33 Albert Street,Regina,Saskatchewan,Canada,24,306-0008,Nurse,S4P 2S9
129,William Lavoie,william.lavoie@example.com,200 Burrard Street,Vancouver,British Columbia,Canada,52,604-0009,Lawyer,V6C 3L6
130,Sophia Côté,sophia.cote@example.com,45 Rue King,Sherbrooke,Quebec,Canada,30,819-0010,Teacher,J1H 1P1
131,Oliver Thompson,oliver.thompson@example.com,12 George Street,Sydney,New South Wales,Australia,33,02-0001,Investment Banker,2000
132,Charlotte Smith,charlotte.smith@example.com,88 Collins Street,Melbourne,Victoria,Australia,27,03-0002,Graphic Designer,3000
133,William Johnson,william.johnson@example.com,5 Queen Street,Brisbane,Queensland,Australia,41,07-0003,Mining Engineer,4000
134,Mia Williams,mia.williams@example.com,22 St Georges Terrace,Perth,Western Australia,Australia,36,08-0004,Geologist,6000
135,James Brown,james.brown@example.com,11 Rundle Mall,Adelaide,South Australia,Australia,29,08-0005,Wine Consultant,5000
136,Ava Jones,ava.jones@example.com,3 Darwin Street,Darwin,Northern Territory,Australia,24,08-0006,Environmental Officer,800
137,Jack Davis,jack.davis@example.com,99 City Walk,Canberra,Australian Capital Territory,Australia,47,02-0007,Public Servant,2601
138,Isabella Miller,isabella.miller@example.com,4 MacQuarie Street,Hobart,Tasmania,Australia,32,03-0008,Marine Researcher,7000
139,Oscar Wilson,oscar.wilson@example.com,67 Hunter Street,Newcastle,New South Wales,Australia,38,02-0009,Port Manager,2300
140,Emily Taylor,emily.taylor@example.com,50 Flinders Street,Melbourne,Victoria,Australia,22,03-0010,Barista,3000
141,Pedro Alves,pedro.alves@example.com,Rua Augusta 100,Lisbon,Lisbon,Portugal,31,21-0001,Tour Guide,1100-048
142,Ana Costa,ana.costa@example.com,Rua Santa Catarina 50,Porto,Porto,Portugal,27,22-0002,Nurse,4000-448
143,Carlos Silva,carlos.silva@example.com,Avenida Beira Mar 30,Faro,Algarve,Portugal,44,28-0003,Restaurant Owner,8000-382
144,Sofia Santos,sofia.santos@example.com,Rua do Carmo 15,Lisbon,Lisbon,Portugal,35,21-0004,Fashion Designer,1200-092
145,Luis Ferreira,luis.ferreira@example.com,Rua Direita 80,Braga,Braga,Portugal,29,25-0005,IT Consultant,4700-221
146,Juan García,juan.garcia@example.com,Calle Mayor 1,Madrid,Community of Madrid,Spain,38,91-0001,Journalist,28001
147,María López,maria.lopez@example.com,Las Ramblas 50,Barcelona,Catalonia,Spain,32,93-0002,Architect,08002
148,Carlos Martínez,carlos.martinez@example.com,Calle Sierpes 20,Seville,Andalusia,Spain,45,95-0003,Flamenco Dancer,41001
149,Ana Sánchez,ana.sanchez@example.com,Calle Larios 8,Malaga,Andalusia,Spain,28,95-0004,Hotel Manager,29001
150,Roberto Fernández,roberto.fernandez@example.com,Gran Vía 66,Bilbao,Basque Country,Spain,40,94-0005,Basque Chef,48001
151,Yuki Tanaka,yuki.tanaka@example.com,1-1 Shinjuku,Tokyo,Tokyo,Japan,29,03-0001,Software Developer,160-0022
152,Kenji Watanabe,kenji.watanabe@example.com,3-5 Namba,Osaka,Osaka,Japan,35,06-0002,Chef,556-0011
153,Aiko Suzuki,aiko.suzuki@example.com,2-8 Kamimaezu,Nagoya,Aichi,Japan,27,052-0003,Fashion Designer,460-0007
154,Hiroshi Yamamoto,hiroshi.yamamoto@example.com,1-10 Tenjin,Fukuoka,Fukuoka,Japan,42,092-0004,Engineer,810-0001
155,Sakura Ito,sakura.ito@example.com,5-3 Odori,Sapporo,Hokkaido,Japan,24,011-0005,Ski Instructor,060-0001
156,Wei Zhang,wei.zhang@example.com,1 Wangfujing Street,Beijing,Beijing,China,33,010-0001,Government Official,100006
157,Fang Li,fang.li@example.com,100 Nanjing Road,Shanghai,Shanghai,China,28,021-0002,Trader,200001
158,Mei Wang,mei.wang@example.com,58 Jiefang Road,Guangzhou,Guangdong,China,37,020-0003,Factory Manager,510000
159,Jian Liu,jian.liu@example.com,30 IT Blvd,Shenzhen,Guangdong,China,25,0755-0004,App Developer,518000
160,Xia Chen,xia.chen@example.com,15 Jianguomen Ave,Beijing,Beijing,China,44,010-0005,Diplomat,100005
161,Min-jun Kim,minjun.kim@example.com,63 Gangnam-daero,Seoul,Seoul,South Korea,31,02-0001,K-pop Manager,06021
162,Ji-yeon Park,jiyeon.park@example.com,5 Haeundae-ro,Busan,Busan,South Korea,26,051-0002,Marine Biologist,48094
163,Seo-yun Choi,seoyun.choi@example.com,22 Dongmun-ro,Jeju,Jeju,South Korea,23,064-0003,Tourism Officer,63101
164,Hyun-woo Lee,hyunwoo.lee@example.com,11 Jungang-ro,Incheon,Incheon,South Korea,39,032-0004,Port Manager,22101
165,Da-eun Jung,daeun.jung@example.com,8 Gungdong-ro,Daejeon,Daejeon,South Korea,34,042-0005,Researcher,34141
166,Ahmed Hassan,ahmed.hassan@example.com,15 Tahrir Square,Cairo,Cairo,Egypt,38,02-0001,Archaeologist,11511
167,Fatima Ali,fatima.ali@example.com,30 Corniche Road,Alexandria,Alexandria,Egypt,29,03-0002,Librarian,21519
168,Omar Khalil,omar.khalil@example.com,5 Sharia el-Nil,Giza,Giza,Egypt,45,02-0003,Tour Operator,12566
169,Layla Ibrahim,layla.ibrahim@example.com,88 Ramses Street,Cairo,Cairo,Egypt,32,02-0004,TV Presenter,11511
170,Youssef Mahmoud,youssef.mahmoud@example.com,12 Luxor Road,Luxor,Luxor,Egypt,27,095-0005,Egyptologist,85951
171,Lars Eriksson,lars.eriksson@example.com,Storgatan 1,Stockholm,Stockholm,Sweden,36,08-0001,Entrepreneur,111 22
172,Ingrid Lindqvist,ingrid.lindqvist@example.com,Avenyn 88,Gothenburg,Västra Götaland,Sweden,30,031-0002,Journalist,411 36
173,Björn Karlsson,bjorn.karlsson@example.com,Lilla Torg 5,Malmö,Skåne,Sweden,43,040-0003,Logistics Manager,211 34
174,Astrid Nilsson,astrid.nilsson@example.com,Drottninggatan 22,Uppsala,Uppsala,Sweden,27,018-0004,Researcher,751 05
175,Erik Persson,erik.persson@example.com,Kungsgatan 10,Örebro,Örebro,Sweden,34,019-0005,Police Officer,703 61
176,Mohammed Al-Rashid,mohammed.alrashid@example.com,King Fahd Road,Riyadh,Riyadh,Saudi Arabia,40,011-0001,Petroleum Engineer,11564
177,Noor Al-Farsi,noor.alfarsi@example.com,Hamdan Street,Abu Dhabi,Abu Dhabi,UAE,32,02-0001,PR Manager,00000
178,Hassan Al-Mansoori,hassan.almansoori@example.com,Sheikh Zayed Road,Dubai,Dubai,UAE,37,04-0002,Real Estate Developer,00000
179,Aisha Al-Maktoum,aisha.almaktoum@example.com,Al Soor Street,Sharjah,Sharjah,UAE,26,06-0003,Teacher,00000
180,Ibrahim Al-Khaldi,ibrahim.alkhaldi@example.com,King Abdullah Road,Jeddah,Makkah,Saudi Arabia,44,012-0002,Merchant,21577
181,Sipho Dlamini,sipho.dlamini@example.com,1 Adderley Street,Cape Town,Western Cape,South Africa,33,021-0001,Marine Biologist,8001
182,Thandi Nkosi,thandi.nkosi@example.com,11 Commissioner Street,Johannesburg,Gauteng,South Africa,28,011-0002,Lawyer,2000
183,Bongani Zulu,bongani.zulu@example.com,2 Anton Lembede Street,Durban,KwaZulu-Natal,South Africa,41,031-0003,Harbor Master,4001
184,Naledi Motsepe,naledi.motsepe@example.com,250 Church Street,Pretoria,Gauteng,South Africa,35,012-0004,Diplomat,0002
185,Kagiso Sithole,kagiso.sithole@example.com,18 Fontein Street,Bloemfontein,Free State,South Africa,29,051-0005,Educator,9301
186,Cédric Niyomugabo,cedric.niyomugabo@example.com,KN 3 Road,Kigali,Kigali City,Rwanda,30,0252-0001,Tech Entrepreneur,0000
187,Amara Diallo,amara.diallo@example.com,Avenue de la Liberté,Dakar,Dakar,Senegal,27,033-0001,Journalist,12000
188,Kwame Mensah,kwame.mensah@example.com,Ring Road Central,Accra,Greater Accra,Ghana,38,030-0001,Economist,00233
189,Ngozi Okonkwo,ngozi.okonkwo@example.com,15 Broad Street,Lagos,Lagos,Nigeria,34,01-0001,Fintech Developer,101001
190,Amina Diallo,amina.diallo@example.com,Rue du Commerce 4,Abidjan,Abidjan,Ivory Coast,25,020-0001,Textile Designer,00225
191,Andrei Popescu,andrei.popescu@example.com,Calea Victoriei 100,Bucharest,Bucharest,Romania,37,021-0001,IT Developer,010063
192,Ivana Novak,ivana.novak@example.com,Ilica 1,Zagreb,Zagreb,Croatia,31,01-0001,Tour Guide,10000
193,Pawel Kowalski,pawel.kowalski@example.com,ul. Nowy Świat 2,Warsaw,Masovian Voivodeship,Poland,44,022-0001,Historian,00-029
194,Martina Horvat,martina.horvat@example.com,Slovenska cesta 55,Ljubljana,Ljubljana,Slovenia,28,01-0001,Biologist,1000
195,Tomas Novotny,tomas.novotny@example.com,Václavské náměstí 1,Prague,Prague,Czech Republic,35,02-0001,Architect,110 00
196,Nikolai Petrov,nikolai.petrov@example.com,Nevsky Prospekt 1,St. Petersburg,Leningrad Oblast,Russia,40,812-0001,Museum Director,190000
197,Olga Ivanova,olga.ivanova@example.com,Tverskaya Street 13,Moscow,Moscow,Russia,33,495-0001,Ballet Dancer,125009
198,Dmitri Volkov,dmitri.volkov@example.com,Khreshchatyk 1,Kyiv,Kyiv Oblast,Ukraine,29,044-0001,IT Engineer,01001
199,Natalia Kovalenko,natalia.kovalenko@example.com,Sumska Street 3,Kharkiv,Kharkiv Oblast,Ukraine,36,057-0001,Chemist,61002
200,Lucas Oliveira,lucas.oliveira@example.com,Avenida Paulista 100,São Paulo,São Paulo,Brazil,32,11-0001,Investment Analyst,01310-100
201,Ana Pereira,ana.pereira@example.com,Rua Primeiro de Março 4,Rio de Janeiro,Rio de Janeiro,Brazil,27,21-0002,Choreographer,20010-000
202,Gabriel Santos,gabriel.santos@example.com,Av. Tancredo Neves 1,Salvador,Bahia,Brazil,38,71-0003,Civil Engineer,41820-021
203,Isabela Lima,isabela.lima@example.com,Av. Beira-Rio 1,Manaus,Amazonas,Brazil,24,92-0004,Environmental Researcher,69025-000
204,Mateus Costa,mateus.costa@example.com,Rua XV de Novembro 1,Curitiba,Paraná,Brazil,43,41-0005,Auto Industry Manager,80020-310
205,Diego Hernández,diego.hernandez@example.com,Av. Corrientes 800,Buenos Aires,Buenos Aires,Argentina,35,11-0001,Tango Instructor,1043
206,Valentina Gómez,valentina.gomez@example.com,Av. Colón 20,Córdoba,Córdoba,Argentina,29,351-0002,Medical Researcher,5000
207,Sebastián Torres,sebastian.torres@example.com,Av. O'Higgins 340,Santiago,Metropolitan Region,Chile,41,02-0001,Mining Executive,8320000
208,Camila Fuentes,camila.fuentes@example.com,Av. Arequipa 500,Lima,Lima,Peru,27,01-0001,Archaeologist,15001
209,Andrés Muñoz,andres.munoz@example.com,Carrera 7 32-16,Bogotá,Bogotá D.C.,Colombia,33,01-0001,Coffee Exporter,110311
210,Lucía Herrera,lucia.herrera@example.com,Av. Insurgentes Sur 100,Mexico City,Mexico City,Mexico,38,55-0001,Historian,06600
